<?xml version="1.0" encoding="UTF-8"?>
<bom serialNumber="urn:uuid:0a42bbcb-57ae-3a23-a27e-d70580b15efc" version="1" xmlns="http://cyclonedx.org/schema/bom/1.6">
  <metadata>
    <lifecycles>
      <lifecycle>
        <phase>build</phase>
      </lifecycle>
    </lifecycles>
    <tools>
      <components>
        <component type="library">
          <author>OWASP Foundation</author>
          <group>org.cyclonedx</group>
          <name>cyclonedx-maven-plugin</name>
          <version>2.9.1</version>
          <description>CycloneDX Maven plugin</description>
          <hashes>
            <hash alg="MD5">9c7a565cf28cce58557d0c621c5ea4b1</hash>
            <hash alg="SHA-1">be882d5a22050bfa9d19090b1420c188617d0e1c</hash>
            <hash alg="SHA-256">698e0f37184a5b28c245c4065fd036dfce253b52f82fbb7113d81d36326cc249</hash>
            <hash alg="SHA-512">c0f0b11026858166f872a2eb54719492e5cecaa0bc9cd6b30b3ecb4a174eed220f4a1b5829d18d6734128e778d3cb3db7ffed177c92866133129cb29081814a0</hash>
            <hash alg="SHA-384">d80964707dfe5caca8c70521d5066f57589304c0a657e6fbc7c0614ea0fc7b3b3dbe7778361eee0f54ba111e9cb0ffcb</hash>
            <hash alg="SHA3-384">80bc3a275d9514bc457461ff52a72add8c7ecbbc01d8912efce57139016c544ee776981851be0a58fa977ab4221f703f</hash>
            <hash alg="SHA3-256">142317d6f245390f4fd2d0c100b16281b8dfc5c0c2cff86943bdcc97039cb699</hash>
            <hash alg="SHA3-512">af0fb9137c90b65d1a07f72e4d51ae509956cdb8800f35c961b037cdda1fe4a14ce3b496cef71ba85f1621affcfe29cd42704ae4191ff0b090a9602087c8997b</hash>
          </hashes>
        </component>
      </components>
    </tools>
    <component type="library" bom-ref="pkg:maven/org.apache.logging.log4j/log4j-jdbc-dbcp2@2.25.2?type=jar">
      <publisher>The Apache Software Foundation</publisher>
      <group>org.apache.logging.log4j</group>
      <name>log4j-jdbc-dbcp2</name>
      <version>2.25.2</version>
      <description>Connection source for the JDBC Appender using Apache Commons DBCP2.</description>
      <licenses>
        <license>
          <id>Apache-2.0</id>
          <url>https://www.apache.org/licenses/LICENSE-2.0</url>
        </license>
      </licenses>
      <purl>pkg:maven/org.apache.logging.log4j/log4j-jdbc-dbcp2@2.25.2?type=jar</purl>
      <externalReferences>
        <reference type="vulnerability-assertion">
          <url>https://logging.apache.org/cyclonedx/vdr.xml</url>
        </reference>
        <reference type="website">
          <url>https://logging.apache.org/log4j/2.x/</url>
        </reference>
        <reference type="build-system">
          <url>https://github.com/apache/logging-log4j2/actions</url>
        </reference>
        <reference type="distribution">
          <url>https://logging.apache.org/log4j/2.x/download.html</url>
        </reference>
        <reference type="distribution-intake">
          <url>https://repository.apache.org/service/local/staging/deploy/maven2</url>
        </reference>
        <reference type="issue-tracker">
          <url>https://github.com/apache/logging-log4j2/issues</url>
        </reference>
        <reference type="mailing-list">
          <url>https://lists.apache.org/list.html?log4j-user@logging.apache.org</url>
        </reference>
        <reference type="vcs">
          <url>https://github.com/apache/logging-log4j2</url>
        </reference>
      </externalReferences>
    </component>
    <properties>
      <property name="maven.goal">makeBom</property>
      <property name="maven.scopes">compile,provided,runtime,system</property>
      <property name="cdx:reproducible">enabled</property>
    </properties>
  </metadata>
  <components>
    <component type="library" bom-ref="pkg:maven/org.apache.logging.log4j/log4j-core@2.25.2?type=jar">
      <publisher>The Apache Software Foundation</publisher>
      <group>org.apache.logging.log4j</group>
      <name>log4j-core</name>
      <version>2.25.2</version>
      <description>A versatile, industrial-grade, and reference implementation of the Log4j API.
    It bundles a rich set of components to assist various use cases:
    Appenders targeting files, network sockets, databases, SMTP servers;
    Layouts that can render CSV, HTML, JSON, Syslog, etc. formatted outputs;
    Filters that can be configured using log event rates, regular expressions, scripts, time, etc.
    It contains several extension points to introduce custom components, if needed.</description>
      <scope>required</scope>
      <hashes>
        <hash alg="MD5">e8e63b9bfc776fdf80d90567884932d5</hash>
        <hash alg="SHA-1">d4d0ad2e51e03e531f784891fbfff1bae1e13a12</hash>
        <hash alg="SHA-256">e50db7701430ff907981850ef527a41d51a53dd0017f53a0860afcbab8570277</hash>
        <hash alg="SHA-512">9923dafcec7d8015b2656ae1881aef7b448656b08f235371208c8e10aaf5d6220b7251f7880262ef03883783e8b0fce120a55fe380bc673ac35d34fb8100b24d</hash>
        <hash alg="SHA-384">4e71fb7fc4987214b3efc8cf0e260295f311352cc6e0f6eb0440d6ac050662757d8e86e32cad6d71fa7b9d96f352faeb</hash>
        <hash alg="SHA3-384">9c4a711634f6403cdca253b5ab2fe44bd8bc075bfda10437c990535be4c2f953222937121121fdaaa7727582e76f1671</hash>
        <hash alg="SHA3-256">c2f22fbd0de0813b01e7ec6d49e5f706a2d206fb6152d9a03cb5755b84a26dea</hash>
        <hash alg="SHA3-512">a4757250db8caa4c105cd0f5e8abd469627f44586873bc93d1e61d33cffc4dcf85f8cafd1fc35c008422c081334499f8471c025afbbb5e76b39d7578cbb78337</hash>
      </hashes>
      <licenses>
        <license>
          <id>Apache-2.0</id>
          <url>https://www.apache.org/licenses/LICENSE-2.0</url>
        </license>
      </licenses>
      <purl>pkg:maven/org.apache.logging.log4j/log4j-core@2.25.2?type=jar</purl>
      <externalReferences>
        <reference type="website">
          <url>https://logging.apache.org/log4j/2.x/</url>
        </reference>
        <reference type="build-system">
          <url>https://github.com/apache/logging-log4j2/actions</url>
        </reference>
        <reference type="issue-tracker">
          <url>https://github.com/apache/logging-log4j2/issues</url>
        </reference>
        <reference type="mailing-list">
          <url>https://lists.apache.org/list.html?log4j-user@logging.apache.org</url>
        </reference>
        <reference type="vcs">
          <url>https://github.com/apache/logging-log4j2</url>
        </reference>
      </externalReferences>
    </component>
    <component type="library" bom-ref="pkg:maven/org.apache.logging.log4j/log4j-api@2.25.2?type=jar">
      <publisher>The Apache Software Foundation</publisher>
      <group>org.apache.logging.log4j</group>
      <name>log4j-api</name>
      <version>2.25.2</version>
      <description>The logging API of the Log4j project.
    Library and application code can log through this API.
    It contains a simple built-in implementation (`SimpleLogger`) for trivial use cases.
    Production applications are recommended to use Log4j API in combination with a fully-fledged implementation, such as Log4j Core.</description>
      <scope>required</scope>
      <hashes>
        <hash alg="MD5">4ad7b5c23d86eab187e599a826fa9254</hash>
        <hash alg="SHA-1">292c1a2b1702f1e1e3adb13e1c57e5bff60335ff</hash>
        <hash alg="SHA-256">9fd66c9fe0bea06fa9666c147989a46cafaa92b4a88753697d3945cc43338cbb</hash>
        <hash alg="SHA-512">df1142813e3f64768695e5891a0eff499692cb8b3213f1d87ce9c14f06343252733ad14ff193a0934997f65f0ba1d8b58cbdaab13349c305781f58a937683afb</hash>
        <hash alg="SHA-384">93285534fbbfc249340b992d212b8ebe47d306532873710685447cbf282fadc3916a4e6cd6bd796f76b25bbd0a598397</hash>
        <hash alg="SHA3-384">80c1317ccfbdbd4a170bbdccea09e174d248955b4454859033b436c6c545a4d7bf9840e1bbc1dfcad2e903f5e8faeaf4</hash>
        <hash alg="SHA3-256">f47cd679d5b0348778190ddec81bd26925864e99c1ad27e6875ae0d5d7c709c3</hash>
        <hash alg="SHA3-512">c801e7ee9840ab18c1e5ad6be4c1fdaa3fdb63d8f474f09bcb173a4d9dbe8f97c778990dd979703c29ca60ce068e7f251ba64fec0efc52c9d4fca9c630138c6f</hash>
      </hashes>
      <licenses>
        <license>
          <id>Apache-2.0</id>
          <url>https://www.apache.org/licenses/LICENSE-2.0</url>
        </license>
      </licenses>
      <purl>pkg:maven/org.apache.logging.log4j/log4j-api@2.25.2?type=jar</purl>
      <externalReferences>
        <reference type="website">
          <url>https://logging.apache.org/log4j/2.x/</url>
        </reference>
        <reference type="build-system">
          <url>https://github.com/apache/logging-log4j2/actions</url>
        </reference>
        <reference type="issue-tracker">
          <url>https://github.com/apache/logging-log4j2/issues</url>
        </reference>
        <reference type="mailing-list">
          <url>https://lists.apache.org/list.html?log4j-user@logging.apache.org</url>
        </reference>
        <reference type="vcs">
          <url>https://github.com/apache/logging-log4j2</url>
        </reference>
      </externalReferences>
    </component>
    <component type="library" bom-ref="pkg:maven/org.apache.commons/commons-dbcp2@2.13.0?type=jar">
      <publisher>The Apache Software Foundation</publisher>
      <group>org.apache.commons</group>
      <name>commons-dbcp2</name>
      <version>2.13.0</version>
      <description>Apache Commons DBCP software implements Database Connection Pooling</description>
      <scope>required</scope>
      <hashes>
        <hash alg="MD5">da3f9aaaa22a595ac0755b9ed4fa74ca</hash>
        <hash alg="SHA-1">6c854db2a54004880cb9d1e436d64d45a475bbcf</hash>
        <hash alg="SHA-256">db6f0ed71cd16c8830902db9f56095fa2ee16acc2674f84b7cb5bdc98df19392</hash>
        <hash alg="SHA-512">f391a5b8e2c3942c351d9bbd40e96e11b09419cc36ab2e4fd8bfa50b920f49d9b407e49f27aa005ecd009ccf8353906c897a851c552510beb7c3cd2712ced087</hash>
        <hash alg="SHA-384">a1dc10977cc6dce79d47bdf8f209890ee7ec1af74a6aa76e415c7a7936a94bd2029041bae693379ba9c9ad475ed4a789</hash>
        <hash alg="SHA3-384">3d77ed1a83944dca9e8597fe1b50ec5157e08a173cf533a5f0c653140d9ca7490d47a081249ca8c8338117b46436af4a</hash>
        <hash alg="SHA3-256">56eca545d0388bbf93b97453e9f2131ba95cdec6a54c6e2e103a507f8739472b</hash>
        <hash alg="SHA3-512">2a035a3cba70e368f0f0bc522601d196ab2cbcd27c635f9c150e6073f3372c7a4f09a8c6b84e98049d0e0917ac8777cc1af32db44099bec451b3c802d5f7969d</hash>
      </hashes>
      <licenses>
        <license>
          <id>Apache-2.0</id>
          <url>https://www.apache.org/licenses/LICENSE-2.0</url>
        </license>
      </licenses>
      <purl>pkg:maven/org.apache.commons/commons-dbcp2@2.13.0?type=jar</purl>
      <externalReferences>
        <reference type="website">
          <url>https://commons.apache.org/proper/commons-dbcp/</url>
        </reference>
        <reference type="build-system">
          <url>https://github.com/apache/commons-parent/actions</url>
        </reference>
        <reference type="distribution-intake">
          <url>https://repository.apache.org/service/local/staging/deploy/maven2</url>
        </reference>
        <reference type="issue-tracker">
          <url>https://issues.apache.org/jira/browse/DBCP</url>
        </reference>
        <reference type="mailing-list">
          <url>https://mail-archives.apache.org/mod_mbox/commons-user/</url>
        </reference>
        <reference type="vcs">
          <url>https://gitbox.apache.org/repos/asf?p=commons-dbcp.git</url>
        </reference>
      </externalReferences>
    </component>
    <component type="library" bom-ref="pkg:maven/org.apache.commons/commons-pool2@2.12.1?type=jar">
      <publisher>The Apache Software Foundation</publisher>
      <group>org.apache.commons</group>
      <name>commons-pool2</name>
      <version>2.12.1</version>
      <description>The Apache Commons Object Pooling Library.</description>
      <scope>required</scope>
      <hashes>
        <hash alg="MD5">50723d80ca6da612e3931cb3a7de9ad9</hash>
        <hash alg="SHA-1">e5c7b6c9f5a4b59be2bba213fbec70b413376fc1</hash>
        <hash alg="SHA-256">5273c8bc8c0dca2211175c0d27efbd7228efae99689aac001a8e1ef8e872e9ef</hash>
        <hash alg="SHA-512">186dabefa07a38cc106e5aca3fcec6d2d8c79fc2787d448632c24a61cad3574c53809895f85181ba097012b60a86116eec22ae3ab4c6e47ac7dddac00a0b71a7</hash>
        <hash alg="SHA-384">6e6f0f4db90d3c0113c1436c487ed6157fbc36c50cc858b980f8ee924cbd13c0e9e77133cff944ad2bf481d3a531f17c</hash>
        <hash alg="SHA3-384">89c562a9caca75d4acbefa1a9ce75f56ec9e874907fdf9c4147608ee0168a2644d7bf24a456c5c3fa0c23950e52c497e</hash>
        <hash alg="SHA3-256">00c3b746c202ed2039891f0b8e67217d6e26cd87d8ccab30073729ac31f83d61</hash>
        <hash alg="SHA3-512">c78cdc5868082259bb8e3883b68ae52af8627a67fba0f5834b5fdaade2ea75584b9474566aed1914b1f9eb2307373c53baa3177d1097cf063b65743e71b55f78</hash>
      </hashes>
      <licenses>
        <license>
          <id>Apache-2.0</id>
          <url>https://www.apache.org/licenses/LICENSE-2.0</url>
        </license>
      </licenses>
      <purl>pkg:maven/org.apache.commons/commons-pool2@2.12.1?type=jar</purl>
      <externalReferences>
        <reference type="website">
          <url>https://commons.apache.org/proper/commons-pool/</url>
        </reference>
        <reference type="build-system">
          <url>https://github.com/apache/commons-pool/actions</url>
        </reference>
        <reference type="distribution-intake">
          <url>https://repository.apache.org/service/local/staging/deploy/maven2</url>
        </reference>
        <reference type="issue-tracker">
          <url>https://issues.apache.org/jira/browse/POOL</url>
        </reference>
        <reference type="mailing-list">
          <url>https://mail-archives.apache.org/mod_mbox/commons-user/</url>
        </reference>
        <reference type="vcs">
          <url>https://gitbox.apache.org/repos/asf?p=commons-pool.git</url>
        </reference>
      </externalReferences>
    </component>
    <component type="library" bom-ref="pkg:maven/commons-logging/commons-logging@1.3.5?type=jar">
      <publisher>The Apache Software Foundation</publisher>
      <group>commons-logging</group>
      <name>commons-logging</name>
      <version>1.3.5</version>
      <description>Apache Commons Logging is a thin adapter allowing configurable bridging to other,
    well-known logging systems.</description>
      <scope>required</scope>
      <hashes>
        <hash alg="MD5">9ca067b073153c86c2da350c0f2cdf70</hash>
        <hash alg="SHA-1">a3fcc5d3c29b2b03433aa2d2f2d2c1b1638924a1</hash>
        <hash alg="SHA-256">6d7a744e4027649fbb50895df9497d109f98c766a637062fe8d2eabbb3140ba4</hash>
        <hash alg="SHA-512">b6d66333cec2746cc410ca3b27099c4647618a1855783bac064c75eec95c643dab184010e5c875aca3c7fa827aed144488a1820604a043bbff93116de509f915</hash>
        <hash alg="SHA-384">bbfc26f81852dfe8df41b9cd1da6e755b223c51e824898490f96e2aaefb42e5484408f8a245b244bfe4e08170295ee72</hash>
        <hash alg="SHA3-384">5e17863103757beb582b316f90a02f57f0ea7702b2146d6b318ab0f1105a3e0190dd1dc7b031550a68c047cadd23c114</hash>
        <hash alg="SHA3-256">c01a09df81fae75d398ef61b168c8f7d70291b480961d392c59bdd1498c254cb</hash>
        <hash alg="SHA3-512">1ce4f4219542c8f1f0b52f9d2d916d8b11136f7a800bbb24ca93a28a800121e7c48af410076213d05dd715b37b110aa59a7a9609415e0cc5daed89bb13fc4668</hash>
      </hashes>
      <licenses>
        <license>
          <id>Apache-2.0</id>
          <url>https://www.apache.org/licenses/LICENSE-2.0</url>
        </license>
      </licenses>
      <purl>pkg:maven/commons-logging/commons-logging@1.3.5?type=jar</purl>
      <externalReferences>
        <reference type="website">
          <url>https://commons.apache.org/proper/commons-logging/</url>
        </reference>
        <reference type="build-system">
          <url>https://github.com/apache/commons-parent/actions</url>
        </reference>
        <reference type="distribution-intake">
          <url>https://repository.apache.org/service/local/staging/deploy/maven2</url>
        </reference>
        <reference type="issue-tracker">
          <url>https://issues.apache.org/jira/browse/LOGGING</url>
        </reference>
        <reference type="mailing-list">
          <url>https://mail-archives.apache.org/mod_mbox/commons-user/</url>
        </reference>
        <reference type="vcs">
          <url>https://gitbox.apache.org/repos/asf/commons-logging</url>
        </reference>
      </externalReferences>
    </component>
    <component type="library" bom-ref="pkg:maven/jakarta.transaction/jakarta.transaction-api@2.0.0?type=jar">
      <publisher>EE4J Community</publisher>
      <group>jakarta.transaction</group>
      <name>jakarta.transaction-api</name>
      <version>2.0.0</version>
      <description>Jakarta Transactions</description>
      <scope>required</scope>
      <hashes>
        <hash alg="MD5">8cddb47aba40b4bf3f9eb8bb5c0b3e06</hash>
        <hash alg="SHA-1">24a0525b4acfbca4086d2f1278be3a084fe1c67d</hash>
        <hash alg="SHA-256">21474b7ee0ad764c05d5ad0bc430e5e647cdeabc86cb587477a7eca5be6e584b</hash>
        <hash alg="SHA-512">88c76b2da7a8c725e64074e30d1fa5797e36e9cf5bf67280d10c92d99452db89e0325fcf5bbe20052a96d3f73299f0fea699c850493fe0a64cd0e10dc9ce11b7</hash>
        <hash alg="SHA-384">cdac48a45cb496e659a2d262e8e36e3b89dcb822de44e84c1ef0a13919870646aa995eed70515986cd1438a09cb0cd3d</hash>
        <hash alg="SHA3-384">01757bfb62766e984c82e697f682e052ae038419690aa42b3b05ae19a6e8cacebb259b577576f109f8a04ba60e63cfec</hash>
        <hash alg="SHA3-256">6349e4e76de2d9fbb6523235480a38322292a5f292f6c2ec2125b1803d8833be</hash>
        <hash alg="SHA3-512">6ab2efa244f09dc552f35f99abe3dd8111a7ddaf62b3268ad5cad9b23c6993691481c6bec6fffc79c7faca9293fac655a6d12a719030837ff9c9e7a7b2738ad9</hash>
      </hashes>
      <licenses>
        <license>
          <id>EPL-2.0</id>
        </license>
        <license>
          <id>GPL-2.0-with-classpath-exception</id>
        </license>
      </licenses>
      <purl>pkg:maven/jakarta.transaction/jakarta.transaction-api@2.0.0?type=jar</purl>
      <externalReferences>
        <reference type="website">
          <url>https://projects.eclipse.org/projects/ee4j.jta</url>
        </reference>
        <reference type="distribution-intake">
          <url>https://jakarta.oss.sonatype.org/service/local/staging/deploy/maven2/</url>
        </reference>
        <reference type="issue-tracker">
          <url>https://github.com/eclipse-ee4j/jta-api/issues</url>
        </reference>
        <reference type="mailing-list">
          <url>https://dev.eclipse.org/mhonarc/lists/jta-dev/</url>
        </reference>
        <reference type="vcs">
          <url>https://github.com/eclipse-ee4j/jta-api</url>
        </reference>
      </externalReferences>
    </component>
    <component type="library" bom-ref="pkg:maven/biz.aQute.bnd/biz.aQute.bnd.annotation@7.1.0?type=jar">
      <publisher>Bndtools</publisher>
      <group>biz.aQute.bnd</group>
      <name>biz.aQute.bnd.annotation</name>
      <version>7.1.0</version>
      <description>bnd Annotations Library</description>
      <scope>required</scope>
      <hashes>
        <hash alg="MD5">664c398da304527f42ab13a0f8036025</hash>
        <hash alg="SHA-1">2f2be18c936d08cf46ea6cfa0043f34afdf38705</hash>
        <hash alg="SHA-256">f69c2de3a695c113d125ac8053c92a680a3ce9d02ea25845095cf2d4626a7663</hash>
        <hash alg="SHA-512">b29e68403ff0b0cd0efacf23a466390b922ef464f79b49c25518864839a1cd86329ace0a7214c6f0ce99056019d857301994bbb71dea0c35dd94511edd789ca4</hash>
        <hash alg="SHA-384">71a5290b7cde52d3cae668492cfb368c6955a176dd7442a93e0f26f2258806c56b45869436ad9f336ad3f7a316b45838</hash>
        <hash alg="SHA3-384">84c2757373413bfaedba04dc84329bf01b26c02a417d87674842f147a05e4001ed154efecc0f43d4473b8a7ba5175296</hash>
        <hash alg="SHA3-256">f3cd557e7b9b6f8996ea1006cce7d4b007fbd3b1fc27b62dacdece5e38988d9e</hash>
        <hash alg="SHA3-512">2059f5cb86d9d1b71479d2217107584fb0ff880f064a2cae0dd916d840e660314aaa746d4e6451c15ae56a500bc4e18191b40662ee4eda52aa3b0c33ea82c94b</hash>
      </hashes>
      <licenses>
        <license>
          <name>(Apache-2.0 OR EPL-2.0)</name>
          <url>https://opensource.org/licenses/Apache-2.0,https://opensource.org/licenses/EPL-2.0</url>
        </license>
      </licenses>
      <purl>pkg:maven/biz.aQute.bnd/biz.aQute.bnd.annotation@7.1.0?type=jar</purl>
      <externalReferences>
        <reference type="website">
          <url>https://bnd.bndtools.org/</url>
        </reference>
        <reference type="vcs">
          <url>https://github.com/bndtools/bnd</url>
        </reference>
      </externalReferences>
    </component>
    <component type="library" bom-ref="pkg:maven/org.osgi/org.osgi.resource@1.0.0?type=jar">
      <publisher>OSGi Alliance</publisher>
      <group>org.osgi</group>
      <name>org.osgi.resource</name>
      <version>1.0.0</version>
      <description>OSGi Companion Code for org.osgi.resource Version 1.0.0.</description>
      <scope>required</scope>
      <hashes>
        <hash alg="MD5">7d857a4203e2996fab0cf070133e43df</hash>
        <hash alg="SHA-1">343c88949132984b3f2d4175a72c40b77dc65619</hash>
        <hash alg="SHA-256">81fc50f1f1d38a4af28e131907d4afe213249aab05060484edca0e60c4af9b4a</hash>
        <hash alg="SHA-512">4e798790856f83f50832db80bfab64dfceeff1c509d7dde43e74a9f9192ea7a7d5ea77b9b1e81291fa6ba3dcef5ab8fa791ca8093a72a08d7ca6f6499e13e506</hash>
        <hash alg="SHA-384">73038c395166552b64b6b5469bd8056584f48d19b5762df2e8bd2770405ed8f6071e397a87d9a7ed39f8c2e0e8ab85b2</hash>
        <hash alg="SHA3-384">e06c8a460b3bf06d6cb22237aeffa6afd2eadd9461096c67b768a14603ad8aaa88f891d03cf0a273a99d86906c1c8eb3</hash>
        <hash alg="SHA3-256">1097cfd20e80ce368fd828a23ad7c32a202cebd92106f6ebb88ba55ca74349ee</hash>
        <hash alg="SHA3-512">d7b710e1e0484badb875f326c602c90df6705df48b0f057320919a5255d3ecbddd7053eabc68787480a70aebd7e553e9f51728112e1fa0846c849366b7e8d69b</hash>
      </hashes>
      <licenses>
        <license>
          <id>Apache-2.0</id>
        </license>
      </licenses>
      <purl>pkg:maven/org.osgi/org.osgi.resource@1.0.0?type=jar</purl>
      <externalReferences>
        <reference type="website">
          <url>http://www.osgi.org/</url>
        </reference>
        <reference type="vcs">
          <url>https://osgi.org/git/build.git</url>
        </reference>
      </externalReferences>
    </component>
    <component type="library" bom-ref="pkg:maven/org.osgi/org.osgi.service.serviceloader@1.0.0?type=jar">
      <publisher>OSGi Alliance</publisher>
      <group>org.osgi</group>
      <name>org.osgi.service.serviceloader</name>
      <version>1.0.0</version>
      <description>OSGi Companion Code for org.osgi.service.serviceloader Version 1.0.0.</description>
      <scope>required</scope>
      <hashes>
        <hash alg="MD5">4943f0102a6d893c4dd77f369a5f0537</hash>
        <hash alg="SHA-1">3728ff37909c6a3c1870b3e851342d9f2bd3cc63</hash>
        <hash alg="SHA-256">8f876ce2a9aa4e95b1f1952950255103e2487425050a654f3285447ba601c154</hash>
        <hash alg="SHA-512">a7def4cb7a8ed992645faa80a780e0b30bd39c1587b5bcb65fe170d10842d0d880c2849edd50c64807fe0e4b9cc0051337d1b161d0d390465d9e63a762861c49</hash>
        <hash alg="SHA-384">1e480694b8a541da4cd1e044d3f3ea3cd55152515ac022b80d865b6654242506c2138daabb4e71c30d36b12b9aaf676d</hash>
        <hash alg="SHA3-384">7f076af200ae9c2bd9f235b949aee01a1a758c8aac10fee8b98ec2497197d2029117d5627eb0eabd9b42979eb1baa009</hash>
        <hash alg="SHA3-256">83b1dce69c4c899176eb6e368e434ecb77dfed7c436530b8c5d08b9b6f2430aa</hash>
        <hash alg="SHA3-512">5debde53a7ead231dcd907467d59728f59cae4eb3b967c19808f78890bd97d2f04657cad9c093e88f9818338b0b3b38a57c66400ebcff61fbb26d18e9f7bf8ed</hash>
      </hashes>
      <licenses>
        <license>
          <id>Apache-2.0</id>
        </license>
      </licenses>
      <purl>pkg:maven/org.osgi/org.osgi.service.serviceloader@1.0.0?type=jar</purl>
      <externalReferences>
        <reference type="website">
          <url>http://www.osgi.org/</url>
        </reference>
        <reference type="vcs">
          <url>https://osgi.org/git/build.git</url>
        </reference>
      </externalReferences>
    </component>
    <component type="library" bom-ref="pkg:maven/com.google.errorprone/error_prone_annotations@2.38.0?type=jar">
      <publisher>Google LLC</publisher>
      <group>com.google.errorprone</group>
      <name>error_prone_annotations</name>
      <version>2.38.0</version>
      <description>Error Prone is a static analysis tool for Java that catches common programming mistakes at compile-time.</description>
      <scope>required</scope>
      <hashes>
        <hash alg="MD5">912f8206614000252841d89cb0461895</hash>
        <hash alg="SHA-1">fc0ae991433e8590ba51cd558421478318a74c8c</hash>
        <hash alg="SHA-256">6661d5335090a5fc61dd869d2095bc6c1e2156e3aa47a6e4ababdf64c99a7889</hash>
        <hash alg="SHA-512">b13fdb7e06ec1f12ea1d63b0ff942c239e4decb391d736a1f7d46c9aa9e2744e9391be4398a02a78d551a96969622e65b75bbd31e5bf67a5938716765f451f3a</hash>
        <hash alg="SHA-384">47be5289bf8ca3f9dfe2d22e4baf6defc71dabb5476f878a240412e336d77d81148b2f79ffc0702079e48bd67ad7fd22</hash>
        <hash alg="SHA3-384">53f3f57b51ea34afd38e1270fbe08dfcf1e2dcfb50f4ac9369bb625febb75611c9e5d8bb09f4dfcb504b5d0b9ac47443</hash>
        <hash alg="SHA3-256">02eaa5431cda49a9e702cac4ad8051d88397e1d5219a0ef65673dae8eaf9c70d</hash>
        <hash alg="SHA3-512">0307dfc76cae6d539d93649ef3ccb85937d62f6f74be212e8a05ae1cc892f3b63a5c03cd6f61ace9f5dbd0f8dfb0baf086eaf3cd10bbefd22640966d00686dac</hash>
      </hashes>
      <licenses>
        <license>
          <id>Apache-2.0</id>
        </license>
      </licenses>
      <purl>pkg:maven/com.google.errorprone/error_prone_annotations@2.38.0?type=jar</purl>
      <externalReferences>
        <reference type="website">
          <url>https://errorprone.info/error_prone_annotations</url>
        </reference>
        <reference type="vcs">
          <url>https://github.com/google/error-prone/error_prone_annotations</url>
        </reference>
      </externalReferences>
    </component>
    <component type="library" bom-ref="pkg:maven/org.osgi/org.osgi.annotation.bundle@2.0.0?type=jar">
      <publisher>Eclipse Foundation</publisher>
      <group>org.osgi</group>
      <name>org.osgi.annotation.bundle</name>
      <version>2.0.0</version>
      <description>OSGi Companion Code for org.osgi.annotation.bundle Version 2.0.0</description>
      <scope>required</scope>
      <hashes>
        <hash alg="MD5">19115314a0ce4cfb711a811dcc0be0a3</hash>
        <hash alg="SHA-1">f5c2cd6e670c3c5d440d3003efd5ef2ead5c68eb</hash>
        <hash alg="SHA-256">b9c9546ec5be3ebc2e85ba4919150ad76d64594805282fc895133a47d264a7ae</hash>
        <hash alg="SHA-512">f16b8983240ba3c08d6bc78e2eae92e89eb528f32a705961d90b463def0a5ed1ba08cc3d0be38b5dcfb946c6f759df772e122fb769e58e8c20aa79a489a1fd21</hash>
        <hash alg="SHA-384">88217b7d3a2d9a0a3f005162b95d68ba2bd29629688b2c32e93e4587d89fe6bd468f5c62ef422ebf2b609d402e62ff56</hash>
        <hash alg="SHA3-384">c7ee64dd3e235d900d01d8629b82245303d34a006e1edcd2571ef736d9c6256dcb718be326ad4909cb6d2cea26118ea9</hash>
        <hash alg="SHA3-256">9adcacb036caf30d17a13fcd5952a35e011678b1dbfabafdff73dba065ace8a3</hash>
        <hash alg="SHA3-512">76bec6bb2cdbc8da043760a7aedd51203c8d70b740c9b8de0ba6b0cf9ad991a58059566e7f62dee30606f32d267b2596d5bd5e885c73e336ae7fff6cf7f970db</hash>
      </hashes>
      <licenses>
        <license>
          <id>Apache-2.0</id>
          <url>https://www.apache.org/licenses/LICENSE-2.0</url>
        </license>
      </licenses>
      <purl>pkg:maven/org.osgi/org.osgi.annotation.bundle@2.0.0?type=jar</purl>
      <externalReferences>
        <reference type="website">
          <url>https://docs.osgi.org/</url>
        </reference>
        <reference type="vcs">
          <url>https://github.com/osgi/osgi</url>
        </reference>
      </externalReferences>
    </component>
    <component type="library" bom-ref="pkg:maven/org.osgi/org.osgi.annotation.versioning@1.1.2?type=jar">
      <publisher>Eclipse Foundation</publisher>
      <group>org.osgi</group>
      <name>org.osgi.annotation.versioning</name>
      <version>1.1.2</version>
      <description>OSGi Companion Code for org.osgi.annotation.versioning Version 1.1.2</description>
      <scope>required</scope>
      <hashes>
        <hash alg="MD5">a61b3b8d09c85ad296c61e21bf77ec70</hash>
        <hash alg="SHA-1">dc3cd4ec96c0b3c5459fe00694bd73a816ecf93e</hash>
        <hash alg="SHA-256">f51f235e80df8ffbc30ef1b557b6ea38a696632d675404ec117e952978b8b863</hash>
        <hash alg="SHA-512">a4c612bec624a168f25f0923d51925bbc914686673eeebd5b2442998b876f05855e2b0a6e6e9aca4a6533ed3156b0d24f94c3e508ee9778e1b2e469be318afa3</hash>
        <hash alg="SHA-384">68a2046f083a2e77304622a56d07c0e73ba88534af4a87b5428cebf8b638c40ce21bbac089a8b5520ad488c946b633ea</hash>
        <hash alg="SHA3-384">930734f6979650191d51cd8bf1f9ab4548d307950735aa98e2dbda7aecc19b49d01a3b968824f6df2ffafce65e122c60</hash>
        <hash alg="SHA3-256">513392d0e8ddd873d04c5cf4f402a9cfe094413832bb859fe37b70fd0512dd12</hash>
        <hash alg="SHA3-512">3d2bd7d2eb784a9fab4b09c42adb0722363079235340f1915bb82a99f1c5e616ee8f3dc34d2c90b941d2651dcb4f393c7fea3e23b579456a696604148d10f22b</hash>
      </hashes>
      <licenses>
        <license>
          <id>Apache-2.0</id>
          <url>https://www.apache.org/licenses/LICENSE-2.0</url>
        </license>
      </licenses>
      <purl>pkg:maven/org.osgi/org.osgi.annotation.versioning@1.1.2?type=jar</purl>
      <externalReferences>
        <reference type="website">
          <url>https://docs.osgi.org/</url>
        </reference>
        <reference type="vcs">
          <url>https://github.com/osgi/osgi</url>
        </reference>
      </externalReferences>
    </component>
    <component type="library" bom-ref="pkg:maven/com.github.spotbugs/spotbugs-annotations@4.8.6?type=jar">
      <group>com.github.spotbugs</group>
      <name>spotbugs-annotations</name>
      <version>4.8.6</version>
      <description>Annotations the SpotBugs tool supports</description>
      <scope>required</scope>
      <hashes>
        <hash alg="MD5">0806b237c67c69869506ce3ced9a722f</hash>
        <hash alg="SHA-1">1dcffed3e561ed32134a0dff4717f19bc2fdf4d8</hash>
        <hash alg="SHA-256">4548b74a815ed44f5480ca4f06204a8b00809dc7e5f6a825a9edf18f40377b65</hash>
        <hash alg="SHA-512">ebe5bca26efc72b82c168b65f8f4b1b55768e0464edb9e732e48bcb05b3de7e761e50f0da46e96f02258b4bc4443f4e4a5e7d53956b17161674238b564f6018d</hash>
        <hash alg="SHA-384">ed8acfde5a975f6aa24930caf2889cddeee21226497ca7ca403a25afdc2a6a32d7a6d53cc117143401e3698c87b33159</hash>
        <hash alg="SHA3-384">eca5720d9a38a2dfe8667dd73003e4fd6d3a0503219d4aea539570374bdbe9157dfe945502de2d40b4f20a4caebd2100</hash>
        <hash alg="SHA3-256">59bcae1d85e982281500f515c27f49c292f5b0f57a69204859f9c5243a64917f</hash>
        <hash alg="SHA3-512">0b77811020ea0052e4b799add234754e2f3437b28f0f4f51f49df9de7bad5d97b4262aed175cc16f2d110a7c49adf88d99dc8f12bb2751ca6bff845ba09c473a</hash>
      </hashes>
      <licenses>
        <license>
          <id>LGPL-2.1-only</id>
        </license>
      </licenses>
      <purl>pkg:maven/com.github.spotbugs/spotbugs-annotations@4.8.6?type=jar</purl>
      <externalReferences>
        <reference type="website">
          <url>https://spotbugs.github.io/</url>
        </reference>
        <reference type="vcs">
          <url>https://github.com/spotbugs/spotbugs/</url>
        </reference>
      </externalReferences>
    </component>
    <component type="library" bom-ref="pkg:maven/com.google.code.findbugs/jsr305@3.0.2?type=jar">
      <group>com.google.code.findbugs</group>
      <name>jsr305</name>
      <version>3.0.2</version>
      <description>JSR305 Annotations for Findbugs</description>
      <scope>required</scope>
      <hashes>
        <hash alg="MD5">dd83accb899363c32b07d7a1b2e4ce40</hash>
        <hash alg="SHA-1">25ea2e8b0c338a877313bd4672d3fe056ea78f0d</hash>
        <hash alg="SHA-256">766ad2a0783f2687962c8ad74ceecc38a28b9f72a2d085ee438b7813e928d0c7</hash>
        <hash alg="SHA-512">bb09db62919a50fa5b55906013be6ca4fc7acb2e87455fac5eaf9ede2e41ce8bbafc0e5a385a561264ea4cd71bbbd3ef5a45e02d63277a201d06a0ae1636f804</hash>
        <hash alg="SHA-384">ca0b169d3eb2d0922dc031133a021f861a043bb3e405a88728215fd6ff00fa52fdc7347842dcc2031472e3726164bdc4</hash>
        <hash alg="SHA3-384">9903fd7505218999f8262efedb3d935d64bcef84aae781064ab5e1b24755466b269517cada562fa140cd1d417ede57a1</hash>
        <hash alg="SHA3-256">223fda9a89a461afaae73b177a2dc20ed4a90f2f8757f5c65f3241b0510f00ff</hash>
        <hash alg="SHA3-512">3996b5af57a5d5c6a0cd62b11773360fb051dd86a2ba968476806a2a5d32049b82d69a24a3c694e8fe4d735be6a28e41000cc500cc2a9fb577e058045855d2d6</hash>
      </hashes>
      <licenses>
        <license>
          <id>Apache-2.0</id>
        </license>
      </licenses>
      <purl>pkg:maven/com.google.code.findbugs/jsr305@3.0.2?type=jar</purl>
      <externalReferences>
        <reference type="website">
          <url>http://findbugs.sourceforge.net/</url>
        </reference>
        <reference type="distribution-intake">
          <url>https://oss.sonatype.org/service/local/staging/deploy/maven2/</url>
        </reference>
        <reference type="vcs">
          <url>https://code.google.com/p/jsr-305/</url>
        </reference>
      </externalReferences>
    </component>
  </components>
  <dependencies>
    <dependency ref="pkg:maven/org.apache.logging.log4j/log4j-jdbc-dbcp2@2.25.2?type=jar">
      <dependency ref="pkg:maven/org.apache.logging.log4j/log4j-core@2.25.2?type=jar"/>
      <dependency ref="pkg:maven/org.apache.commons/commons-dbcp2@2.13.0?type=jar"/>
      <dependency ref="pkg:maven/biz.aQute.bnd/biz.aQute.bnd.annotation@7.1.0?type=jar"/>
      <dependency ref="pkg:maven/com.google.errorprone/error_prone_annotations@2.38.0?type=jar"/>
      <dependency ref="pkg:maven/org.osgi/org.osgi.annotation.bundle@2.0.0?type=jar"/>
      <dependency ref="pkg:maven/org.osgi/org.osgi.annotation.versioning@1.1.2?type=jar"/>
      <dependency ref="pkg:maven/com.github.spotbugs/spotbugs-annotations@4.8.6?type=jar"/>
    </dependency>
    <dependency ref="pkg:maven/org.apache.logging.log4j/log4j-core@2.25.2?type=jar">
      <dependency ref="pkg:maven/org.apache.logging.log4j/log4j-api@2.25.2?type=jar"/>
    </dependency>
    <dependency ref="pkg:maven/org.apache.logging.log4j/log4j-api@2.25.2?type=jar"/>
    <dependency ref="pkg:maven/org.apache.commons/commons-dbcp2@2.13.0?type=jar">
      <dependency ref="pkg:maven/org.apache.commons/commons-pool2@2.12.1?type=jar"/>
      <dependency ref="pkg:maven/commons-logging/commons-logging@1.3.5?type=jar"/>
      <dependency ref="pkg:maven/jakarta.transaction/jakarta.transaction-api@2.0.0?type=jar"/>
    </dependency>
    <dependency ref="pkg:maven/org.apache.commons/commons-pool2@2.12.1?type=jar"/>
    <dependency ref="pkg:maven/commons-logging/commons-logging@1.3.5?type=jar"/>
    <dependency ref="pkg:maven/jakarta.transaction/jakarta.transaction-api@2.0.0?type=jar"/>
    <dependency ref="pkg:maven/biz.aQute.bnd/biz.aQute.bnd.annotation@7.1.0?type=jar">
      <dependency ref="pkg:maven/org.osgi/org.osgi.resource@1.0.0?type=jar"/>
      <dependency ref="pkg:maven/org.osgi/org.osgi.service.serviceloader@1.0.0?type=jar"/>
    </dependency>
    <dependency ref="pkg:maven/org.osgi/org.osgi.resource@1.0.0?type=jar"/>
    <dependency ref="pkg:maven/org.osgi/org.osgi.service.serviceloader@1.0.0?type=jar"/>
    <dependency ref="pkg:maven/com.google.errorprone/error_prone_annotations@2.38.0?type=jar"/>
    <dependency ref="pkg:maven/org.osgi/org.osgi.annotation.bundle@2.0.0?type=jar">
      <dependency ref="pkg:maven/org.osgi/org.osgi.annotation.versioning@1.1.2?type=jar"/>
    </dependency>
    <dependency ref="pkg:maven/org.osgi/org.osgi.annotation.versioning@1.1.2?type=jar"/>
    <dependency ref="pkg:maven/com.github.spotbugs/spotbugs-annotations@4.8.6?type=jar">
      <dependency ref="pkg:maven/com.google.code.findbugs/jsr305@3.0.2?type=jar"/>
    </dependency>
    <dependency ref="pkg:maven/com.google.code.findbugs/jsr305@3.0.2?type=jar"/>
  </dependencies>
</bom>
